,file,conf,x,y,xmin,ymin,xmax,ymax,width,height
0,11926_20161008.jpg,0.9999372959136963,751629.1855163574,130564.95458984375,661220.9730300903,-61496093.611816406,842037.3980026245,61757223.520996094,180816.42497253418,123253317.1328125
1,11926_20170331.jpg,0.9615696668624878,745217.3210144043,124478.54858398438,660989.6310844421,-58629396.38305664,829445.0109443665,58878353.48022461,168455.37985992432,117507749.86328125
2,11946_20140215.jpg,0.9999748468399048,1111827.821899414,403051.009765625,1036928.8987312317,-189837025.59960938,1186726.7450675964,190643127.61914062,149797.84633636475,380480153.21875
3,12645_20160829.jpg,0.6055060029029846,1088956.2611083984,398979.46240234375,1016583.9426383972,-187919326.7915039,1161328.5795783997,188717285.7163086,144744.63694000244,376636612.5078125
4,12650_20120928.jpg,0.9992097616195679,1138536.9918823242,315305.47802734375,1066247.4636306763,-148508880.1508789,1210826.5201339722,149139491.1069336,144579.0565032959,297648371.2578125
5,12753_20130505.jpg,0.9997785687446594,1187496.031616211,442306.89599609375,1074719.2980957031,-208326548.01416016,1300272.7651367188,209211161.80615234,225553.46704101562,417537709.8203125
6,12753_20150725.jpg,0.9999905824661255,1180355.1963500977,442992.1083984375,1059095.6576156616,-208649283.05566406,1301614.7350845337,209535267.27246094,242519.07746887207,418184550.328125
7,12753_20170712.jpg,0.9999136924743652,1175682.9857177734,443302.29052734375,1066183.9867401123,-208795378.8383789,1285181.9846954346,209681983.4194336,218997.99795532227,418477362.2578125
8,12753_20171004.jpg,0.9999332427978516,1174627.1370239258,450401.64990234375,1057290.0761871338,-212139177.1040039,1291964.1978607178,213039980.4038086,234674.12167358398,425179157.5078125
9,12928_20180214.jpg,0.9998906850814819,707629.8862304688,313309.38818359375,615888.452911377,-147568721.83447266,799371.3195495605,148195340.61083984,183482.8666381836,295764062.4453125
10,13078_20130422.jpg,0.9999464750289917,329608.40937805176,485688.69140625,209996.45267486572,-228759373.65234375,449220.3660812378,229730751.03515625,239223.91340637207,458490124.6875
11,13078_20140404.jpg,0.9998983144760132,331725.008102417,483751.6591796875,213187.4404296875,-227847031.4736328,450262.5757751465,228814534.7919922,237075.13534545898,456661566.265625
12,13078_20160730.jpg,0.9996342658996582,360326.8956604004,481894.39794921875,249753.9084625244,-226972261.43408203,470899.88285827637,227936050.22998047,221145.97439575195,454908311.6640625
13,13110_20160709.jpg,0.999893069267273,873951.6615600586,218952.88916015625,775366.7025604248,-103126810.7944336,972536.6205596924,103564716.5727539,197169.91799926758,206691527.3671875
14,13202_20130928.jpg,0.9999387264251709,1067835.5310668945,617122.8876953125,978533.8754959106,-290664880.1044922,1157137.1866378784,291899125.8798828,178603.31114196777,582564005.984375
15,13202_20170525.jpg,0.9999643564224243,1060203.3711547852,601117.6396484375,976967.056728363,-283126408.27441406,1143439.6855812073,284328643.55371094,166472.62885284424,567455051.828125
16,13283_20150624.jpg,0.9521220326423645,1371768.7005615234,231603.80859375,1273426.6440200806,-109085393.84765625,1470110.7571029663,109548601.46484375,196684.11308288574,218633995.3125
17,13283_20170605.jpg,0.9996045827865601,1376378.2473754883,233278.42333984375,1261599.6384735107,-109874137.3930664,1491156.8562774658,110340694.2397461,229557.21780395508,220214831.6328125
18,13337_20130703.jpg,0.9997407793998718,1176255.113708496,186171.20141601562,1094230.1852531433,-87686635.86694336,1258280.0421638489,88058978.26977539,164049.85691070557,175745614.13671875
19,13337_20150608.jpg,0.9998873472213745,1177683.0975341797,180760.01123046875,1090622.5208969116,-85137965.28955078,1264743.6741714478,85499485.31201172,174121.15327453613,170637450.6015625
20,13337_20160703.jpg,0.9999827146530151,1175651.7454223633,184921.02368164062,1087562.3690567017,-87097802.15405273,1263741.121788025,87467644.20141602,176178.75273132324,174565446.35546875
21,13337_20170412.jpg,0.999962329864502,1180661.2779541016,182854.09350585938,1095218.8409729004,-86124278.04125977,1266103.7149353027,86489986.22827148,170884.87396240234,172614264.26953125
22,13337_20170602.jpg,0.9999710321426392,1177879.1510009766,184780.36572265625,1092573.3845863342,-87031552.2553711,1263184.917415619,87401112.9868164,170611.53282928467,174432665.2421875
23,13337_20170720.jpg,0.9997810125350952,1181353.1451416016,187470.90112304688,1093312.50157547,-88298794.42895508,1269393.7887077332,88673736.23120117,176081.28713226318,176972530.66015625
24,13381_20161001.jpg,0.9987252950668335,1680355.5747070312,566273.2998046875,1581720.9610443115,-266714724.2080078,1778990.188369751,267847270.8076172,197269.22732543945,534561995.015625
25,13448_20140820.jpg,0.9991575479507446,1093514.4125976562,518944.0068359375,981234.0882873535,-244422627.21972656,1205794.736907959,245460515.23339844,224560.64862060547,489883142.453125
26,13471_20130803.jpg,0.8308800458908081,916185.7925415039,656135.1396484375,842869.4342575073,-309039650.77441406,989502.1508255005,310351921.05371094,146632.71656799316,619391571.828125
27,13471_20160620.jpg,0.9367458820343018,920840.7797851562,656670.8642578125,855480.1440696716,-309291977.0654297,986201.4155006409,310605318.7939453,130721.27143096924,619897295.859375
28,13636_20151112.jpg,0,0,0,0,0,0,0,0,0
29,13690_20160919.jpg,0.9994834661483765,1164044.1892089844,465607.80517578125,1061565.0495147705,-219301276.23779297,1266523.3289031982,220232491.84814453,204958.27938842773,439533768.0859375
30,1382_20110817.jpg,0.9912011623382568,1140954.3128051758,377448.8125,1091029.85861969,-177778390.6875,1190878.7669906616,178533288.3125,99848.90837097168,356311679.0
31,1382_20160731.jpg,0.996078610420227,1139368.7532958984,373311.92724609375,1093918.7499694824,-175829917.73291016,1184818.7566223145,176576541.58740234,90900.00665283203,352406459.3203125
32,1382_20170902.jpg,0.9422451853752136,1130285.8893432617,368836.91552734375,1085297.0869102478,-173722187.2133789,1175274.6917762756,174459861.0444336,89977.60486602783,348182048.2578125
33,1382_20171007.jpg,0.9960469603538513,1135695.4075927734,372753.67431640625,1090105.4871368408,-175566980.60302734,1181285.328048706,176312487.95166016,91179.84091186523,351879468.5546875
34,1395_20130807.jpg,0.9658986330032349,1049944.4612426758,465490.640625,1011229.7018470764,-219246091.734375,1088659.2206382751,220177073.015625,77429.51879119873,439423164.75
35,1397_20130709.jpg,0.9965803623199463,1422127.0490112305,112170.62426757812,1375592.8024482727,-52832364.0300293,1468661.2955741882,53056705.27856445,93068.49312591553,105889069.30859375
36,1405_20170904.jpg,0.9970436096191406,1035372.008605957,412970.9033203125,983795.8726730347,-194509295.4638672,1086948.1445388794,195335237.2705078,103152.27186584473,389844532.734375
37,1409_20111003.jpg,0.9196075201034546,1313972.3217773438,241211.1865234375,1269863.1060085297,-113610468.85253906,1358081.5375461578,114092891.22558594,88218.43153762817,227703360.078125
38,1412_20150924.jpg,0.9999496936798096,942685.5334472656,533500.009765625,892779.4993553162,-251278504.59960938,992591.5675392151,252345504.61914062,99812.06818389893,503624009.21875
39,1412_20160414.jpg,0.9999814033508301,944829.8453369141,536281.306640625,889997.6529693604,-252588495.42773438,999662.0377044678,253661058.04101562,109664.38473510742,506249553.46875
40,1412_20160626.jpg,0.9999438524246216,945413.8831176758,536877.5869140625,894152.3259658813,-252869343.43652344,996675.4402694702,253943098.61035156,102523.11430358887,506812442.046875
41,1412_20160918.jpg,0.999988317489624,942086.1961669922,536730.7783203125,888892.9283294678,-252800196.5888672,995279.4640045166,253873658.1455078,106386.53567504883,506673854.734375
42,1412_20161016.jpg,0.999945878982544,948692.007019043,540768.9365234375,895362.3949890137,-254702169.10253906,1002021.6190490723,255783706.97558594,106659.2240600586,510485876.078125
43,1418_20120519.jpg,0.9870121479034424,105900.46736907959,148743.76782226562,41785.252140045166,-70058314.64428711,170015.682598114,70355802.17993164,128230.43045806885,140414116.82421875
44,1418_20150624.jpg,0.9985403418540955,98319.8974609375,140758.02563476562,33719.82780838013,-66297030.07397461,162919.96711349487,66578546.12524414,129200.13930511475,132875576.19921875
45,1418_20161022.jpg,0.9986883401870728,98993.41899108887,139451.08056640625,33401.452781677246,-65681458.946777344,164585.3852005005,65960361.107910156,131183.93241882324,131641820.0546875
46,1420_20150606.jpg,0.9993975758552551,1004756.4274902344,879561.2255859375,943921.2715034485,-414273337.25097656,1065591.5834770203,416032459.70214844,121670.31197357178,830305796.953125
47,1420_20170328.jpg,0.9899779558181763,1002435.3926391602,879388.9501953125,942799.1345214844,-414192195.5419922,1062071.650756836,415950973.4423828,119272.51623535156,830143168.984375
48,1420_20180510.jpg,0.9954067468643188,1003435.7233886719,885853.1376953125,938717.5120544434,-417236827.8544922,1068153.9347229004,419008534.1298828,129436.42266845703,836245361.984375
49,1438_20120908.jpg,0.9999608993530273,1065951.6771240234,351612.19970703125,996381.5776519775,-165609346.06201172,1135521.7765960693,166312570.46142578,139140.1989440918,331921916.5234375
50,1438_20150712.jpg,0.9995232224464417,1066649.865661621,360603.1025390625,992865.5442428589,-169844061.29589844,1140434.1870803833,170565267.50097656,147568.6428375244,340409328.796875
51,1444_20170711.jpg,0.8518374562263489,1875039.7821044922,400497.4736328125,1827242.1616191864,-188634310.0810547,1922837.402589798,189435305.0283203,95595.24097061157,378069615.109375
52,1452_20130925.jpg,0.9999668598175049,653134.8096313477,546397.15625,607584.4863643646,-257353060.59375,698685.1328983307,258445854.90625,91100.64653396606,515798915.5
53,1452_20160513.jpg,0.9999469518661499,646208.9460754395,546215.892578125,604012.0160102844,-257267685.40429688,688405.8761405945,258360117.18945312,84393.86013031006,515627802.59375
54,1452_20160710.jpg,0.9998877048492432,653428.889831543,543014.1630859375,610779.5480690002,-255759670.81347656,696078.2315940857,256845699.13964844,85298.68352508545,512605369.953125
55,1452_20170712.jpg,0.9999403953552246,653485.6903686523,539684.2353515625,609878.830116272,-254191274.85058594,697092.5506210327,255270643.32128906,87213.72050476074,509461918.171875
56,1453_20151006.jpg,0.999439001083374,583534.866973877,394067.337890625,545838.1369628906,-185605716.14648438,621231.5969848633,186393850.82226562,75393.46002197266,371999566.96875
57,1453_20160628.jpg,0.9997645020484924,582701.0442504883,393461.40673828125,542070.54073143,-185320322.57373047,623331.5477695465,186107245.38720703,81261.00703811646,371427567.9609375
58,1454_20130709.jpg,0.9995520114898682,1035528.3016967773,497401.34375,969233.4402923584,-234276032.90625,1101823.1631011963,235270835.59375,132589.7228088379,469546868.5
59,1454_20160911.jpg,0.9994833469390869,1032300.7485961914,497584.796875,966442.0889778137,-234362439.328125,1098159.408214569,235357608.921875,131717.31923675537,469720048.25
60,1454_20170728.jpg,0.9994034171104431,1034136.3220825195,498368.2177734375,970438.4190254211,-234731430.57128906,1097834.225139618,235728167.00683594,127395.80611419678,470459597.578125
61,1455_20110418.jpg,0.6717813611030579,916188.6325683594,796699.009765625,840600.716594696,-375245233.5996094,991776.5485420227,376838631.6191406,151175.83194732666,752083865.21875
62,1455_20150523.jpg,0.9948673844337463,915004.7994384766,796131.5380859375,849257.5249862671,-374977954.43847656,980752.073890686,376570217.51464844,131494.54890441895,751548171.953125
63,14716_20130421.jpg,0.9995424151420593,1787323.8120117188,884783.5322265625,1667859.4450912476,-416733043.67871094,1906788.17893219,418502610.74316406,238928.73384094238,835235654.421875
64,14716_20131028.jpg,0.9995092153549194,1785448.8446044922,885732.4296875,1658418.027748108,-417179974.3828125,1912479.6614608765,418951439.2421875,254061.63371276855,836131413.625
65,14716_20140404.jpg,0.9999825954437256,1788138.0751953125,880296.8818359375,1666654.7011184692,-414619831.34472656,1909621.4492721558,416380425.10839844,242966.74815368652,831000256.453125
66,14716_20150303.jpg,0.9997311234474182,1786731.4373779297,884824.7861328125,1659604.3229980469,-416752474.2685547,1913858.5517578125,418522123.8408203,254254.22875976562,835274598.109375
67,14716_20150626.jpg,0.9999167919158936,1789650.4353027344,884399.513671875,1667637.3504104614,-416552170.9394531,1911663.5201950073,418320969.9667969,244026.1697845459,834873140.90625
68,14716_20160313.jpg,0.9994997382164001,1787178.8790283203,885569.8916015625,1662533.5473098755,-417103418.94433594,1911824.2107467651,418874558.72753906,249290.66343688965,835977977.671875
69,14716_20161029.jpg,0.9996404647827148,1784626.5194091797,884950.794921875,1653178.590461731,-416811824.4082031,1916074.4483566284,418581725.9980469,262895.85789489746,835393550.40625
70,1472_20130901.jpg,0.9996978044509888,371477.0014190674,211290.07690429688,323261.7853317261,-99517626.22192383,419692.2175064087,99940206.37573242,96430.43217468262,199457832.59765625
71,1472_20161006.jpg,0.9993375539779663,374462.7170715332,212905.43237304688,326784.9445743561,-100278458.64770508,422140.4895687103,100704269.51245117,95355.54499435425,200982728.16015625
72,1479_20160807.jpg,0.9999473094940186,582820.9208679199,127406.16430664062,522821.41987991333,-60008303.388427734,642820.4218559265,60263115.717041016,119999.00197601318,120271419.10546875
73,1481_20140404.jpg,0.9999780654907227,1078268.0490722656,464789.1513671875,1027178.3765296936,-218915690.2939453,1129357.7216148376,219845268.5966797,102179.34508514404,438760958.890625
74,1481_20150402.jpg,0.999847412109375,1078056.4212646484,465051.85693359375,1031084.6387901306,-219039424.61572266,1125028.2037391663,219969528.32958984,93943.56494903564,439008952.9453125
75,1481_20150826.jpg,0.9993274807929993,1078895.7866210938,468876.19775390625,1032958.9477233887,-220840689.14208984,1124832.6255187988,221778441.53759766,91873.67779541016,442619130.6796875
76,1481_20160313.jpg,0.9994942545890808,1079862.586730957,467958.87451171875,1033503.640253067,-220408629.89501953,1126221.533208847,221344547.64404297,92717.89295578003,441753177.5390625
77,1481_20160817.jpg,0.9998003244400024,1080249.563293457,468597.21533203125,1031413.1485900879,-220709288.42138672,1129085.9779968262,221646482.85205078,97672.82940673828,442355771.2734375
78,1481_20160826.jpg,0.998310923576355,1078495.4344482422,477000.1923828125,1026812.665813446,-224667090.6123047,1130178.2030830383,225621090.9970703,103365.53726959229,450288181.609375
79,1483_20110825.jpg,0.999863862991333,1305440.0565795898,451020.22802734375,1252127.9198760986,-212430527.4008789,1358752.193283081,213332567.8569336,106624.27340698242,425763095.2578125
80,1483_20130610.jpg,0.9999480247497559,1319892.3119506836,449428.8701171875,1274413.97706604,-211680997.8251953,1365370.6468353271,212579855.5654297,90956.66976928711,424260853.390625
81,1483_20130722.jpg,0.9998939037322998,1313412.0119628906,452865.01513671875,1262912.4752426147,-213299422.12939453,1363911.5486831665,214205152.15966797,100999.07344055176,427504574.2890625
82,1483_20130801.jpg,0.9957976937294006,1302842.6229858398,457227.3564453125,1256013.2340755463,-215354084.8857422,1349672.0118961334,216268539.5986328,93658.77782058716,431622624.484375
83,1483_20131120.jpg,0.9924332499504089,1304885.2435913086,454113.11865234375,1263391.575176239,-213887278.8852539,1346378.9120063782,214795505.1225586,82987.33683013916,428682784.0078125
84,1491_20170313.jpg,0.9997472167015076,1044794.8512573242,368022.89990234375,992420.003578186,-173338785.8540039,1097169.6989364624,174074831.6538086,104749.69535827637,347413617.5078125
85,1504_20160722.jpg,0.9643061757087708,1378212.538269043,154882.99438476562,1330162.141078949,-72949890.35522461,1426262.935459137,73259656.34399414,96100.79438018799,146209546.69921875
86,1505_20100827.jpg,0.9987699389457703,1830329.6973876953,409893.51171875,1761950.2963523865,-193059844.01953125,1898709.0984230042,193879631.04296875,136758.80207061768,386939475.0625
87,1505_20130818.jpg,0.9994832873344421,1827753.5181884766,408906.09716796875,1765151.8998527527,-192594771.76611328,1890355.1365242004,193412583.96044922,125203.23667144775,386007355.7265625
88,1520_20161103.jpg,0.9998877048492432,1005772.607421875,465007.37646484375,939527.7728614807,-219018474.3149414,1072017.4419822693,219948489.0678711,132489.66912078857,438966963.3828125
89,1526_20140801.jpg,0.998742401599884,2199306.7193603516,770017.4697265625,2149920.2326812744,-362678228.24121094,2248693.2060394287,364218263.18066406,98772.9733581543,726896491.421875
90,1526_20170106.jpg,0.9949964880943298,2205357.2591552734,767246.486328125,2162722.933462143,-361373095.0605469,2247991.584848404,362907588.0332031,85268.65138626099,724280683.09375
91,1530_20171218.jpg,0,0,0,0,0,0,0,0,0
92,1531_20140608.jpg,0.9999966621398926,545633.242767334,589617.3642578125,504984.11588668823,-277709778.5654297,586282.3696479797,278889013.2939453,81298.2537612915,556598791.859375
93,1531_20170911.jpg,0.9999949932098389,543511.1930236816,590267.7470703125,502912.5167007446,-278016108.8701172,584109.8693466187,279196644.3642578,81197.35264587402,557212753.234375
94,1536_20100822.jpg,0.9922198057174683,1293150.6190795898,147899.02783203125,1230594.2808494568,-69660442.10888672,1355706.957309723,69956240.16455078,125112.67646026611,139616682.2734375
95,1545_20160101.jpg,0.9784680008888245,416764.64224243164,405478.04736328125,366319.59853744507,-190980160.30810547,467209.6859474182,191791116.40283203,100890.08740997314,382771276.7109375
96,1693_20121208.jpg,0.9998362064361572,1106688.0145874023,591054.9130859375,1041891.5994491577,-278386864.06347656,1171484.429725647,279568973.88964844,129592.83027648926,557955837.953125
97,1693_20130212.jpg,0.9999433755874634,1101394.3877563477,591466.8759765625,1032817.6735649109,-278580898.58496094,1169971.1019477844,279763832.33691406,137153.42838287354,558344730.921875
98,1693_20131111.jpg,0.9995020627975464,1101836.790649414,594845.5478515625,1035925.4073066711,-280172253.03808594,1167748.173992157,281361944.13378906,131822.76668548584,561534197.171875
99,1693_20150311.jpg,0.9998558759689331,1101347.9395751953,591346.052734375,1032111.4745483398,-278523990.8378906,1170584.4046020508,279706682.9433594,138472.93005371094,558230673.78125
100,1693_20150601.jpg,0.9999661445617676,1101020.3287353516,589378.310546875,1037976.1872634888,-277597184.2675781,1164064.4702072144,278775940.8886719,126088.28294372559,556373125.15625
101,1693_20160928.jpg,0.9995623230934143,1100225.945739746,594446.0302734375,1033816.4239768982,-279984080.25878906,1166635.467502594,281172972.31933594,132819.0435256958,561157052.578125
102,1693_20180520.jpg,0.9997921586036682,1101067.8762817383,591737.50390625,1038023.8149719238,-278708364.33984375,1164111.9375915527,279891839.34765625,126088.1226196289,558600203.6875
103,1707_20170612.jpg,0.9993157386779785,768064.3751220703,324093.19384765625,698347.5504722595,-152647894.3022461,837781.1997718811,153296080.6899414,139433.64929962158,305943974.9921875
104,1707_20170613.jpg,0.999437689781189,767568.8362426758,325361.0888671875,697045.8046951294,-153245072.8564453,838091.8677902222,153895795.0341797,141046.06309509277,307140867.890625
105,1708_20160612.jpg,0.9998726844787598,1187753.7411499023,716095.2724609375,1124165.6486473083,-337280873.32910156,1251341.8336524963,338713063.87402344,127176.18500518799,675993937.203125
106,1708_20170705.jpg,0.9996393322944641,1191844.5708007812,715577.927734375,1127082.734134674,-337037203.9628906,1256606.4074668884,338468359.8183594,129523.67333221436,675505563.78125
107,1713_20111118.jpg,0.9834636449813843,1275654.3129882812,469232.0126953125,1227402.331150055,-221008277.9794922,1323906.2948265076,221946742.0048828,96503.96367645264,442955019.984375
108,1713_20170215.jpg,0.9922311902046204,1270892.412475586,478796.37939453125,1224429.157995224,-225513094.69482422,1317355.6669559479,226470687.45361328,92926.50896072388,451983782.1484375
109,1714_20161009.jpg,0.9998155236244202,332122.56605529785,261137.37060546875,257616.9866065979,-122995701.55517578,406628.1455039978,123517976.29638672,149011.1588973999,246513677.8515625
110,1730_20170609.jpg,0.999876856803894,1014578.7061767578,394904.42919921875,959917.4765548706,-185999986.15283203,1069239.935798645,186789795.01123047,109322.45924377441,372789781.1640625
111,17364_20140412.jpg,0.9997849464416504,917154.0584716797,628488.7421875,833648.7660179138,-296018197.5703125,1000659.3509254456,297275175.0546875,167010.58490753174,593293372.625
112,1742_20150802.jpg,0.9997274279594421,1198328.2604980469,415882.0693359375,1142503.5360031128,-195880454.65722656,1254152.984992981,196712218.79589844,111649.44898986816,392592673.453125
113,1742_20160414.jpg,0.9997831583023071,1198429.7685546875,422162.5732421875,1141786.824306488,-198838571.9970703,1255072.712802887,199682897.1435547,113285.88849639893,398521469.140625
114,1742_20160424.jpg,0.9998037815093994,1198795.3074951172,423048.75439453125,1141315.1737174988,-199255963.31982422,1256275.4412727356,200102060.82861328,114960.26755523682,399358024.1484375
115,1742_20161107.jpg,0.9998593330383301,1200545.3137207031,423587.01416015625,1141535.991531372,-199509483.6694336,1259554.6359100342,200356657.6977539,118018.64437866211,399866141.3671875
116,1742_20171112.jpg,0.998265266418457,1206931.617980957,423849.31640625,1147324.9511108398,-199633028.02734375,1266538.2848510742,200480726.66015625,119213.33374023438,400113754.6875
117,17439_20160728.jpg,0.9996131062507629,1056529.7506103516,493775.609375,988945.8319358826,-232568312.015625,1124113.6692848206,233555863.234375,135167.837348938,466124175.25
118,17471_20160211.jpg,0.9992571473121643,1347635.4349365234,449511.8388671875,1290730.5325660706,-211720076.1064453,1404540.3373069763,212619099.7841797,113809.80474090576,424339175.890625
119,17471_20160816.jpg,0.9998422861099243,1304274.7294311523,448287.416015625,1249749.5061759949,-211143372.94335938,1358799.9526863098,212039947.77539062,109050.44651031494,423183320.71875
120,17471_20170623.jpg,0.9998444318771362,1318737.7036132812,448970.49658203125,1258473.2670555115,-211465103.89013672,1379002.140171051,212363044.88330078,120528.87311553955,423828148.7734375
121,17471_20171113.jpg,0.9995425343513489,1327901.5541381836,451699.9091796875,1259043.894870758,-212750657.2236328,1396759.2134056091,213654057.0419922,137715.31853485107,426404714.265625
122,17483_20150408.jpg,0.9868706464767456,1061591.044921875,346470.2978515625,982577.3694572449,-163187510.28808594,1140604.7203865051,163880450.88378906,158027.35092926025,327067961.171875
123,17483_20150524.jpg,0.9973456859588623,1060365.5275268555,342875.2734375,982848.7008132935,-161494253.7890625,1137882.3542404175,162180004.3359375,155033.65342712402,323674258.125
124,17483_20150612.jpg,0.9939008951187134,1057025.7475585938,343480.97412109375,978773.3424377441,-161779538.81103516,1135278.1526794434,162466500.75927734,156504.81024169922,324246039.5703125
125,1752_20110715.jpg,0.9999980926513672,1184212.77734375,431449.97412109375,1127699.6383552551,-203212937.81103516,1240725.9163322449,204075837.75927734,113026.27797698975,407288775.5703125
126,1752_20150726.jpg,0.9999947547912598,1186244.3126831055,433770.7080078125,1132126.2668266296,-204306003.4716797,1240362.3585395813,205173544.8876953,108236.09171295166,409479548.359375
127,1752_20160723.jpg,0.9999958276748657,1186245.778503418,432893.486328125,1131225.4515342712,-203892832.06054688,1241266.1054725647,204758619.03320312,110040.65393829346,408651451.09375
128,1752_20170930.jpg,0.9999939203262329,1183754.8917236328,430544.40478515625,1130020.3926391602,-202786414.6538086,1237489.3908081055,203647503.4633789,107468.99816894531,406433918.1171875
129,1752_20180412.jpg,0.9999880790710449,1187211.3876342773,426459.05810546875,1133414.9061088562,-200862216.36767578,1241007.8691596985,201715134.48388672,107592.96305084229,402577350.8515625
130,1753_20170120.jpg,0.9985765218734741,359200.1837158203,85075.76733398438,286993.71479797363,-40070686.41430664,431406.652633667,40240837.94897461,144412.93783569336,80311524.36328125
131,17579_20160516.jpg,0.9996390342712402,1046505.1887207031,422940.232421875,973028.5578727722,-199204849.47070312,1119981.819568634,200050729.93554688,146953.26169586182,399255579.40625
132,17579_20170726.jpg,0,0,0,0,0,0,0,0,0
133,1758_20110811.jpg,0.9999655485153198,1131870.1662597656,451649.11962890625,1063248.710193634,-212726735.34521484,1200491.6223258972,213630033.58447266,137242.91213226318,426356768.9296875
134,1758_20161001.jpg,0.9998656511306763,1131563.9930419922,449844.14599609375,1064423.2617034912,-211876592.76416016,1198704.7243804932,212776281.05615234,134281.46267700195,424652873.8203125
135,1758_20170728.jpg,0.9998764991760254,1133248.4038085938,455897.81103515625,1065573.8390350342,-214727868.9975586,1200922.9685821533,215639664.6196289,135349.12954711914,430367533.6171875
136,1758_20180708.jpg,0.999367356300354,1130047.601928711,450450.50927734375,1063565.7625465393,-212162189.8696289,1196529.4413108826,213063090.8881836,132963.67876434326,425225280.7578125
137,17585_20160625.jpg,0.9997738599777222,1462058.3762817383,114684.4765625,1380486.8214683533,-54016388.4609375,1543629.9310951233,54245757.4140625,163143.10962677002,108262145.875
138,17585_20170820.jpg,0.9996904730796814,1466449.8823242188,114787.76257324219,1384509.7080574036,-54065036.17199707,1548390.056591034,54294611.697143555,163880.34853363037,108359647.86914062
139,1760_20170626.jpg,0.9991909265518188,1004868.7459716797,425184.1337890625,950530.9816665649,-200261727.01464844,1059206.5102767944,201112095.28222656,108675.52861022949,401373822.296875
140,17610_20140823.jpg,0.999972939491272,970904.2235107422,632343.447265625,911808.6355056763,-297833763.6621094,1029999.8115158081,299098450.5566406,118191.17601013184,596932214.21875
141,17610_20150816.jpg,0.9999115467071533,974447.3860473633,633799.2607421875,916999.5232200623,-298519451.8095703,1031895.2488746643,299787050.3310547,114895.72565460205,598306502.140625
142,17610_20180501.jpg,0.9997966289520264,969161.4547729492,640393.951171875,914739.5260429382,-301625551.0019531,1023583.3835029602,302906338.9042969,108843.85746002197,604531889.90625
143,17610_20180520.jpg,0.9999839067459106,969497.3108520508,633413.5712890625,918515.9544143677,-298337792.07714844,1020478.6672897339,299604619.21972656,101962.71287536621,597942411.296875
144,17634_20180601.jpg,0.9998174905776978,1710311.6282958984,731124.2548828125,1640538.048915863,-344359524.0498047,1780085.2076759338,345821772.5595703,139547.1587600708,690181296.609375
145,17635_20130924.jpg,0.9997416734695435,1371314.387878418,380655.81396484375,1317743.0071105957,-179288888.3774414,1424885.7686462402,180050200.0053711,107142.76153564453,359339088.3828125
146,17635_20160423.jpg,0.9720244407653809,1377374.5471191406,387036.91748046875,1324662.3202819824,-182294388.13330078,1430086.7739562988,183068461.96826172,105424.4536743164,365362850.1015625
147,1767_20140829.jpg,0.9999788999557495,1285123.3289794922,184174.837890625,1232610.6541099548,-86746348.64648438,1337636.0038490295,87114698.32226562,105025.3497390747,173861046.96875
148,1768_20170813.jpg,0.9926141500473022,524816.1207580566,493228.822265625,469187.5928764343,-232310775.28710938,580444.648639679,233297232.93164062,111257.05576324463,465608008.21875
149,1771_20160517.jpg,0.9997825622558594,1252665.7614135742,436328.65185546875,1174729.996383667,-205510795.02392578,1330601.5264434814,206383452.32763672,155871.53005981445,411894247.3515625
150,1771_20160727.jpg,0.9999547004699707,1260617.9282226562,436550.21875,1180898.3629379272,-205615153.03125,1340337.4935073853,206488253.46875,159439.130569458,412103406.5
151,1771_20170819.jpg,0.9999861717224121,1272124.5260620117,434834.86865234375,1191842.5152168274,-204807223.1352539,1352406.536907196,205676892.8725586,160564.02169036865,410484116.0078125
152,17716_20170623.jpg,0.9998949766159058,815960.9699707031,380712.365234375,745310.0570526123,-179315524.02539062,886611.882888794,180076948.75585938,141301.82583618164,359392472.78125
153,17716_20170813.jpg,0.9998726844787598,811158.3929443359,383525.8701171875,738362.8761177063,-180640684.8251953,883953.9097709656,181407736.5654297,145591.03365325928,362048421.390625
154,1772_20130604.jpg,0.9998339414596558,1289154.7929077148,377274.7509765625,1221985.5124282837,-177696407.70996094,1356324.073387146,178450957.21191406,134338.5609588623,356147364.921875
155,1772_20130915.jpg,0.9991018772125244,1279698.8776855469,367946.15380859375,1211242.8188285828,-173302638.44384766,1348154.936542511,174038530.75146484,136912.11771392822,347341169.1953125
156,1772_20160527.jpg,0.9998636245727539,1284361.1024169922,370772.4208984375,1218504.8877410889,-174633810.24316406,1350217.3170928955,175375355.08496094,131712.42935180664,350009165.328125
157,17722_20170813.jpg,0.9999774694442749,1063783.8204956055,438485.60888671875,1008772.2655448914,-206526721.78564453,1118795.3754463196,207403693.00341797,110023.10990142822,413930414.7890625
158,1778_20160517.jpg,0.9992367625236511,547874.4362182617,559191.6865234375,496701.1031265259,-263379284.35253906,599047.7693099976,264497667.72558594,102346.66618347168,527876952.078125
159,1781_20121122.jpg,0.999178946018219,1098085.1151733398,536242.6455078125,1027335.0475273132,-252570286.0341797,1168835.1828193665,253642771.3251953,141500.13529205322,506213057.359375
160,1781_20130905.jpg,0.999729335308075,1078907.055114746,536096.931640625,1010080.1608963013,-252501654.80273438,1147733.949333191,253573848.66601562,137653.78843688965,506075503.46875
161,1781_20141214.jpg,0.9998592138290405,1094505.5819702148,537049.9775390625,1020997.424533844,-252950539.42089844,1168013.7394065857,254024639.37597656,147016.3148727417,506975178.796875
162,1781_20160628.jpg,0.999984622001648,1094700.9025268555,539647.1298828125,1019424.9944229126,-254173798.1748047,1169976.8106307983,255253092.4345703,150551.81620788574,509426890.609375
163,1781_20170830.jpg,0.9996006488800049,1095712.3185424805,536665.84375,1024211.3958930969,-252769612.40625,1167213.241191864,253842944.09375,143001.8452987671,506612556.5
164,1787_20130804.jpg,0.9999589920043945,958165.2372436523,619275.408203125,902687.6888542175,-291678717.2636719,1013642.7856330872,292917268.0800781,110955.09677886963,584595985.34375
165,1787_20151004.jpg,0.999607264995575,961953.4666137695,621015.908203125,899260.0341033936,-292498492.7636719,1024646.8991241455,293740524.5800781,125386.86502075195,586239017.34375
166,1789_20140412.jpg,0.9998141527175903,875610.3288574219,495146.8984375,807847.9809150696,-233214189.1640625,943372.6767997742,234204482.9609375,135524.6958847046,467418672.125
167,1793_20180717.jpg,0.9997040629386902,1141455.3485107422,268280.05810546875,1087910.1349258423,-126359907.36767578,1195000.562095642,126896467.48388672,107090.4271697998,253256374.8515625
168,17989_20130818.jpg,0.9999638795852661,1017144.3497924805,576864.318359375,944280.0539283752,-271703093.9472656,1090008.6456565857,272856822.5839844,145728.59172821045,544559916.53125
169,17989_20130925.jpg,0.9999872446060181,1022845.5662841797,577816.5576171875,949713.6665992737,-272151598.6376953,1095977.4659690857,273307231.7529297,146263.799369812,545458830.390625
170,17989_20170808.jpg,0.9999163150787354,1022582.5431518555,570963.4541015625,950355.7875099182,-268923786.88183594,1094809.2987937927,270065713.79003906,144453.5112838745,538989500.671875
171,17989_20180420.jpg,0.9999192953109741,1017734.1592407227,578287.8662109375,940764.1751174927,-272373584.98535156,1094704.1433639526,273530160.71777344,153939.96824645996,545903745.703125
172,1801_20130801.jpg,0.9999902248382568,1200789.9224853516,485065.4462890625,1128320.2185783386,-228465825.20214844,1273259.6263923645,229435956.09472656,144939.40781402588,457901781.296875
173,1801_20150624.jpg,0.9999886751174927,1203443.6985473633,488063.2685546875,1130054.484413147,-229877799.4892578,1276832.9126815796,230853926.0263672,146778.42826843262,460731725.515625
174,1801_20160711.jpg,0.999996542930603,1198706.1672973633,482965.90478515625,1128651.276386261,-227476941.1538086,1268761.0582084656,228442872.9633789,140109.7818222046,455919814.1171875
175,1801_20170719.jpg,0.9999245405197144,1200192.6923217773,489601.4169921875,1132240.4576644897,-230602267.4033203,1268144.926979065,231581470.2373047,135904.4693145752,462183737.640625
176,1801_20180714.jpg,0.9999356269836426,1193530.1725463867,487326.2294921875,1122273.738418579,-229530654.0908203,1264786.6066741943,230505306.5498047,142512.86825561523,460035960.640625
177,18062_20130820.jpg,0.9880380034446716,2028520.1469726562,604227.642578125,1971681.2695007324,-284591219.6542969,2085359.02444458,285799674.9394531,113677.75494384766,570390894.59375
178,18142_20161029.jpg,0.9995991587638855,1177456.719909668,505005.1416015625,1121976.6693191528,-237857421.69433594,1232936.770500183,238867431.97753906,110960.10118103027,476724853.671875
179,1818_20150810.jpg,0.9999353885650635,1077639.4869995117,531946.419921875,1008101.9390449524,-250546763.78320312,1147177.034954071,251610656.62304688,139075.09590911865,502157420.40625
180,1818_20160405.jpg,0.9998514652252197,1078646.139099121,531838.791015625,1007630.5804748535,-250496070.56835938,1149661.6977233887,251559748.15039062,142031.11724853516,502055818.71875
181,1818_20160409.jpg,0.9999734163284302,1078084.7299194336,533073.7578125,1005314.3954277039,-251077739.9296875,1150855.0644111633,252143887.4453125,145540.66898345947,503221627.375
182,1818_20170428.jpg,0.9999369382858276,1086952.5763549805,531693.5380859375,1014896.5773277283,-250427656.43847656,1159008.5753822327,251491043.51464844,144111.9980545044,501918699.953125
183,1818_20180708.jpg,0.9996485710144043,1079437.4072265625,530359.2392578125,1008664.1784744263,-249799201.6904297,1150210.6359786987,250859920.1689453,141546.45750427246,500659121.859375
184,1820_20121013.jpg,0.9999686479568481,569386.5860900879,242246.53857421875,511830.92248535156,-114098119.66845703,626942.2496948242,114582612.74560547,115111.32720947266,228680732.4140625
185,1824_20141014.jpg,0.8432950377464294,1608681.5421142578,648734.0966796875,1532119.9435462952,-305553759.5361328,1685243.1406822205,306851227.7294922,153123.1971359253,612404987.265625
186,1829_20160228.jpg,0.9991117119789124,1915421.4826660156,427642.7744140625,1848006.843334198,-201419746.74902344,1982836.1219978333,202275032.29785156,134829.27866363525,403694779.046875
187,18296_20130502.jpg,0.9999874830245972,1208323.1395263672,467363.1416015625,1129110.9542007446,-220128039.69433594,1287535.3248519897,221062765.97753906,158424.37065124512,441190805.671875
188,18296_20140326.jpg,0.9999817609786987,1208361.6173095703,467486.845703125,1128069.322818756,-220186304.32617188,1288653.9118003845,221121278.01757812,160584.58898162842,441307582.34375
189,18296_20160414.jpg,0.9993135929107666,1199321.1705322266,460125.7314453125,1129691.3732376099,-216719219.5107422,1268950.9678268433,217639470.9736328,139259.5945892334,434358690.484375
190,18296_20160616.jpg,0.9997856616973877,1205322.7885742188,462709.54541015625,1135868.1625328064,-217936195.8881836,1274777.414615631,218861614.9790039,138909.2520828247,436797810.8671875
191,1845_20100606.jpg,0.9985307455062866,1175307.9189453125,477748.3515625,1113248.6312217712,-225019473.5859375,1237367.2066688538,225974970.2890625,124118.57544708252,450994443.875
192,18470_20160903.jpg,0.9999254941940308,1101514.2185668945,296989.521484375,1044720.5696678162,-139882064.61914062,1158307.867465973,140476043.66210938,113587.29779815674,280358108.28125
193,18470_20180622.jpg,0.9994786977767944,1090097.5854492188,299224.23291015625,1023469.1296806335,-140934613.7006836,1156726.041217804,141533062.1665039,133256.9115371704,282467675.8671875
194,1855_20130814.jpg,0.9982731938362122,967714.4152832031,479497.75341796875,912262.1122131348,-225843441.85986328,1023166.7183532715,226802437.36669922,110904.60614013672,452645879.2265625
195,1855_20161028.jpg,0.9996907711029053,944416.0259399414,482081.740234375,884796.659111023,-227060499.65039062,1004035.3927688599,228024663.13085938,119238.73365783691,455085162.78125
196,1866_20110724.jpg,0.9990055561065674,466135.6690979004,343165.318359375,398913.2869873047,-161630864.94726562,533358.0512084961,162317195.58398438,134444.7642211914,323948060.53125
197,1866_20171122.jpg,0.9990194439888,488837.1031188965,352368.97265625,429278.9400138855,-165965786.12109375,548395.2662239075,166670524.06640625,119116.32621002197,332636310.1875
198,1868_20100213.jpg,0.9813302755355835,957750.776550293,549534.0087890625,886445.2947006226,-258830518.13964844,1029056.2583999634,259929586.15722656,142610.96369934082,518760104.296875
199,1888_20091204.jpg,0.9910678863525391,1269976.4580078125,320361.703125,1201554.6397972107,-150890362.171875,1338398.2762184143,151531085.578125,136843.6364212036,302421447.75
200,1888_20160313.jpg,0.9999784231185913,1275644.601928711,324762.35986328125,1196280.2003250122,-152963071.49560547,1355009.0035324097,153612596.21533203,158728.80320739746,306575667.7109375
201,18898_20161004.jpg,0.9978402256965637,1205021.6541137695,537272.4375,1135576.2867889404,-253055318.0625,1274467.0214385986,254129862.9375,138890.7346496582,507185181.0
202,18916_20161008.jpg,0.9999663829803467,1221374.8035888672,493289.205078125,1144329.930934906,-232339215.59179688,1298419.6762428284,233325794.00195312,154089.74530792236,465665009.59375
203,18917_20131028.jpg,0.9978442788124084,1017371.2770996094,615023.4326171875,948020.4494590759,-289676036.7626953,1086722.1047401428,290906083.6279297,138701.6552810669,580582120.390625
204,1892_20130817.jpg,0.9474130868911743,1033617.7881469727,574607.107421875,1022605.0522255898,-270639947.5957031,1044630.5240683556,271789161.8105469,22025.471842765808,542429109.40625
205,1892_20161123.jpg,0.8286483287811279,1034873.9045410156,583538.1748046875,1024508.2645874023,-274846480.3330078,1045239.5444946289,276013556.6826172,20731.279907226562,550860037.015625
206,18926_20140322.jpg,0.9998424053192139,1034854.3908081055,477076.04541015625,963875.2887382507,-224702817.3881836,1105833.4928779602,225656969.4790039,141958.20413970947,450359786.8671875
207,18926_20180706.jpg,0.9999682903289795,1033724.426574707,479355.66943359375,962120.3010139465,-225776520.30322266,1105328.5521354675,226735231.64208984,143208.251121521,452511751.9453125
208,18927_20130217.jpg,0.9995315670967102,1003680.6069946289,668012.2314453125,935438.3975791931,-314633761.0107422,1071922.8164100647,315969785.4736328,136484.41883087158,630603546.484375
209,18927_20131029.jpg,0.9995003938674927,1005681.3601074219,674754.306640625,948897.8459815979,-317809278.4277344,1062464.8742332458,319158787.0410156,113567.02825164795,636968065.46875
210,18927_20140731.jpg,0.9999377727508545,1001424.5263061523,673607.033203125,935451.6815757751,-317268912.6386719,1067397.3710365295,318616126.7050781,131945.6894607544,635885039.34375
211,18927_20160824.jpg,0.9996694922447205,1001331.8131713867,675350.5869140625,943347.7521286011,-318090126.43652344,1059315.8742141724,319440827.61035156,115968.12208557129,637530954.046875
212,18927_20180706.jpg,0.9998282194137573,1007853.3393554688,678895.830078125,942337.8191108704,-319759935.9667969,1073368.8596000671,321117727.6269531,131031.04048919678,640877663.59375
213,18928_20131004.jpg,0.999944806098938,1019364.5178833008,428833.779296875,946806.0459594727,-201980710.04882812,1091922.989807129,202838377.60742188,145116.94384765625,404819087.65625
214,18928_20140110.jpg,0.9997560381889343,1025155.8823242188,426950.9072265625,951719.2351608276,-201093877.30371094,1098592.5294876099,201947779.11816406,146873.29432678223,403041656.421875
215,18929_20130122.jpg,0.9995632767677307,870964.8694458008,686590.8935546875,797015.0763816833,-323384310.8642578,944914.6625099182,324757492.6513672,147899.58612823486,648141803.515625
216,18929_20140822.jpg,0.99989914894104,872081.0,685923.1103515625,794901.4837341309,-323069784.97558594,949260.5162658691,324441631.19628906,154359.03253173828,647511416.171875
217,18929_20170220.jpg,0.999875545501709,862653.9431152344,687774.2353515625,786815.9272766113,-323941664.85058594,938491.9589538574,325317213.32128906,151676.0316772461,649258878.171875
218,18930_20140110.jpg,0.999666154384613,1097229.625793457,410493.8828125,1042985.3018074036,-193342618.8046875,1151473.9497795105,194163606.5703125,108488.64797210693,387506225.375
219,18930_20180406.jpg,0.9997609257698059,1098339.8014526367,407978.0283203125,1041124.1623535156,-192157651.3388672,1155555.4405517578,192973607.3955078,114431.27819824219,385131258.734375
220,18932_20131004.jpg,0.9985010027885437,354992.7984466553,442026.30029296875,304710.6153945923,-208194387.43798828,405274.98149871826,209078440.03857422,100564.36610412598,417272827.4765625
221,18932_20150712.jpg,0.9999957084655762,358731.0296020508,438176.83837890625,306191.2198791504,-206381290.87646484,411270.8393249512,207257644.55322266,105079.61944580078,413638935.4296875
222,18932_20170512.jpg,0.999984860420227,355453.0660247803,439736.59326171875,309941.1804599762,-207115935.42626953,400964.95158958435,207995408.61279297,91023.77112960815,415111344.0390625
223,18932_20170714.jpg,0.9999972581863403,357141.57650756836,435212.4052734375,308499.23412323,-204985042.88378906,405783.91889190674,205855467.69433594,97284.68476867676,410840510.578125
224,18932_20180706.jpg,0.999972939491272,361042.7656555176,437023.05419921875,311107.50677108765,-205837858.52783203,410978.0245399475,206711904.63623047,99870.51776885986,412549763.1640625
225,18937_20140322.jpg,0.9999364614486694,1943723.9077148438,561479.8955078125,1870980.043876648,-264457030.7841797,2016467.7715530396,265579990.5751953,145487.7276763916,530037021.359375
226,18937_20150712.jpg,0.999927282333374,1944759.1433105469,557450.322265625,1873656.036277771,-262559101.78710938,2015862.2503433228,263674002.43164062,142206.21406555176,526233104.21875
227,18937_20150716.jpg,0.9999388456344604,1953692.9516601562,559518.203125,1884050.5402946472,-263533073.671875,2023335.3630256653,264652110.078125,139284.82273101807,528185183.75
228,18937_20160805.jpg,0.9998683929443359,1943255.394897461,559769.5869140625,1872814.8214683533,-263651475.43652344,2013695.9683265686,264771014.61035156,140881.14685821533,528422490.046875
229,18945_20171009.jpg,0.9975112080574036,138021.26271820068,284798.27197265625,77965.6425704956,-134139986.0991211,198076.88286590576,134709582.6430664,120111.24029541016,268849568.7421875
230,1895_20130524.jpg,0.9996710419654846,398713.84381103516,477515.5205078125,331479.19118118286,-224909810.1591797,465948.49644088745,225864841.2001953,134469.3052597046,450774651.359375
231,1895_20140624.jpg,0.9995248913764954,396702.8299560547,469839.009765625,326461.16719818115,-221294173.59960938,466944.4927139282,222233851.61914062,140483.32551574707,443528025.21875
232,18955_20160417.jpg,0.9999743700027466,988744.7225341797,450970.1875,919225.2396697998,-212406958.3125,1058264.2053985596,213308898.6875,139038.96572875977,425715857.0
233,18957_20140425.jpg,0.9863727688789368,1465070.4537963867,150011.46118164062,1394700.6119232178,-70655398.21655273,1535440.2956695557,70955421.13891602,140739.6837463379,141610819.35546875
234,18957_20141101.jpg,0.9856995344161987,1477948.692993164,141857.53442382812,1408561.9642066956,-66814898.71362305,1547335.4217796326,67098613.7824707,138773.457572937,133913512.49609375
235,18990_20140317.jpg,0.9994975328445435,94037.32591629028,73153.69091796875,10214.133682250977,-34455388.42236328,177860.5181503296,34601695.80419922,167646.3844680786,69057084.2265625
236,19010_20180702.jpg,0.9998042583465576,1043518.0301513672,598796.7041015625,958475.1437225342,-282033247.63183594,1128560.9165802002,283230841.04003906,170085.77285766602,565264088.671875
237,19014_20131116.jpg,0.9988493323326111,964664.4096679688,299037.1787109375,874742.9125099182,-140846511.17285156,1054585.9068260193,141444585.53027344,179842.99431610107,282291096.703125
238,19014_20140106.jpg,0.9989001154899597,964965.4525146484,299027.87353515625,875266.3019752502,-140842128.4350586,1054664.6030540466,141440184.1821289,179398.3010787964,282282312.6171875
239,19014_20180406.jpg,0.9685571193695068,949140.8228759766,302381.798828125,871638.4196052551,-142421827.24804688,1026643.226146698,143026590.84570312,155004.80654144287,285448418.09375
240,19019_20151127.jpg,0.9992647171020508,1111495.9052124023,175803.16137695312,1040700.116569519,-82803289.00854492,1182291.6938552856,83154895.33129883,141591.5772857666,165958184.33984375
241,19019_20160512.jpg,0.9993516206741333,1111539.4217529297,175722.1083984375,1040867.0139541626,-82765113.05566406,1182211.8295516968,83116557.27246094,141344.81559753418,165881670.328125
242,19019_20160520.jpg,0.999974250793457,1110409.915588379,175470.96948242188,1038184.528427124,-82646826.6262207,1182635.3027496338,82997768.56518555,144450.77432250977,165644595.19140625
243,19019_20160627.jpg,0.9999382495880127,1109201.4383544922,176266.6484375,1040145.7043914795,-83021591.4140625,1178257.1723175049,83374124.7109375,138111.4679260254,166395716.125
244,19019_20170525.jpg,0.9998797178268433,1106588.7052612305,169621.0244140625,1040128.5897941589,-79891502.49902344,1173048.820728302,80230744.54785156,132920.23093414307,160122247.046875
245,1902_20121031.jpg,0.9924967885017395,1737358.3950195312,386560.1064453125,1687980.365436554,-182069810.1357422,1786736.4246025085,182842930.3486328,98756.05916595459,364912740.484375
246,1902_20130502.jpg,0.999481201171875,1727942.1485595703,378787.2021484375,1674269.2883644104,-178408772.21191406,1781615.0087547302,179166346.61621094,107345.72039031982,357575118.828125
247,19023_20130524.jpg,0.9999115467071533,463798.28118896484,181089.8408203125,384041.8528137207,-85293315.02636719,543554.709564209,85655494.70800781,159512.85675048828,170948809.734375
248,19023_20140522.jpg,0.9955874681472778,452710.8621520996,177556.6396484375,380016.89346313477,-83629177.27441406,525404.8308410645,83984290.55371094,145387.9373779297,167613467.828125
249,19023_20141106.jpg,0.9994626045227051,448112.5838317871,183966.23486328125,379128.24562454224,-86648096.62060547,517096.922039032,87016029.09033203,137968.67641448975,173664125.7109375
250,19023_20150531.jpg,0.9998496770858765,450762.46630859375,179529.46655273438,371444.41554641724,-84558378.74633789,530080.5170707703,84917437.67944336,158636.10152435303,169475816.42578125
251,19023_20160520.jpg,0.999951958656311,447630.7412109375,182182.36352539062,365816.009098053,-85807893.22045898,529445.473323822,86172257.94750977,163629.46422576904,171980151.16796875
252,19023_20170525.jpg,0.9999769926071167,444341.89849853516,184518.927734375,366661.02015304565,-86908414.96289062,522022.77684402466,87277452.81835938,155361.756690979,174185867.78125
253,19023_20180118.jpg,0.9998109340667725,450541.3564758301,181916.67626953125,367247.1192436218,-85682754.52294922,533835.5937080383,86046587.87548828,166588.4744644165,171729342.3984375
254,1903_20150802.jpg,0.9999706745147705,1172716.3486328125,460934.24462890625,1098315.2604141235,-217100029.22021484,1247117.4368515015,218021897.70947266,148802.17643737793,435121926.9296875
255,1903_20150813.jpg,0.9999669790267944,1158718.9556274414,462099.14892578125,1080300.3115959167,-217648699.14404297,1237137.599658966,218572897.44189453,156837.28806304932,436221596.5859375
256,19037_20140123.jpg,0.9992503523826599,984919.7560424805,299324.42919921875,917465.2818984985,-140981806.15283203,1052374.2301864624,141580455.01123047,134908.94828796387,282562261.1640625
257,19037_20160607.jpg,0.9986307621002197,984416.4299926758,299349.521484375,917201.909488678,-140993624.61914062,1051630.9504966736,141592323.66210938,134429.0410079956,282585948.28125
258,19037_20161204.jpg,0.9976766705513,983612.7023925781,312998.0537109375,894302.1602859497,-147422083.29785156,1072923.2444992065,148048079.40527344,178621.08421325684,295470162.703125
259,19039_20140207.jpg,0.9998636245727539,1161611.6604003906,602768.1416015625,1080419.6728858948,-283903794.69433594,1242803.6479148865,285109330.97753906,162383.9750289917,569013125.671875
260,19041_20160706.jpg,0.9999786615371704,1063261.0723266602,408038.9296875,986965.9839401245,-192186335.8828125,1139556.1607131958,193002413.7421875,152590.1767730713,385188749.625
261,1905_20120430.jpg,0.9962856769561768,1192574.3660888672,277283.20458984375,1126867.5963745117,-130600389.3618164,1258281.1358032227,131154955.7709961,131413.53942871094,261755345.1328125
262,19064_20170624.jpg,0.9999810457229614,769458.8283081055,493360.0166015625,691528.0390510559,-232372567.81933594,847389.617565155,233359287.85253906,155861.57851409912,465731855.671875
263,19064_20170704.jpg,0.9999876022338867,767295.2775268555,493049.171875,690473.9367446899,-232226159.953125,844116.618309021,233212258.296875,153642.68156433105,465438418.25
264,19069_20140612.jpg,0.9998505115509033,1537552.0617675781,339574.87451171875,1460412.5921707153,-159939765.89501953,1614691.531364441,160618915.64404297,154278.9391937256,320558681.5390625
265,19069_20180521.jpg,0.9999959468841553,1544201.0227050781,327042.04150390625,1453525.1205101013,-154036801.54833984,1634876.924900055,154690885.63134766,181351.8043899536,308727687.1796875
266,19077_20150709.jpg,0.9975290894508362,1033406.8016357422,287809.40380859375,975570.1414222717,-135558229.19384766,1091243.4618492126,136133848.00146484,115673.32042694092,271692077.1953125
267,19077_20151128.jpg,0.999546468257904,1034952.0510864258,295694.5751953125,980712.1989974976,-139272144.9169922,1089191.903175354,139863534.0673828,108479.70417785645,279135678.984375
268,19080_20170705.jpg,0.9999490976333618,930578.4989624023,264832.76416015625,843238.1338729858,-124736231.9194336,1017918.8640518188,125265897.4477539,174680.730178833,250002129.3671875
269,1908_20170320.jpg,0.9999412298202515,1185004.0454711914,714098.7216796875,1103667.1478767395,-336340497.9111328,1266340.9430656433,337768695.3544922,162673.7951889038,674109193.265625
270,1909_20170826.jpg,0.9998106956481934,1004311.8258666992,480225.8330078125,948843.5705490112,-226186367.3466797,1059780.0811843872,227146819.0126953,110936.51063537598,453333186.359375
271,19099_20140530.jpg,0.9999943971633911,1511187.267944336,781638.107421875,1432212.763092041,-368151548.5957031,1590161.7727966309,369714824.8105469,157949.00970458984,737866373.40625
272,19099_20150125.jpg,0,0,0,0,0,0,0,0,0
273,19099_20150324.jpg,0.9998975992202759,1509519.9889526367,784986.2998046875,1430119.7320098877,-369728547.2080078,1588920.2458953857,371298519.8076172,158800.51388549805,741027067.015625
274,19099_20150418.jpg,0.9999778270721436,1510020.2917480469,779682.2919921875,1426328.5480957031,-367230359.5283203,1593712.0354003906,368789724.1123047,167383.4873046875,736020083.640625
275,19099_20150609.jpg,0.9999885559082031,1521189.2928466797,783543.5078125,1436650.0416641235,-369048992.1796875,1605728.5440292358,370616079.1953125,169078.5023651123,739665071.375
276,19099_20161016.jpg,0.9999575614929199,1520419.2791137695,778536.6318359375,1445369.4222602844,-366690753.59472656,1595469.1359672546,368247826.85839844,150099.71370697021,734938580.453125
277,19099_20180715.jpg,0.999748170375824,1510914.0756835938,784984.3408203125,1432604.0225982666,-369727624.5263672,1589224.128768921,371297593.2080078,156620.1061706543,741025217.734375
278,1910_20120812.jpg,0.9999521970748901,970957.2678833008,234325.91821289062,908863.3215255737,-110367507.47827148,1033051.2142410278,110836159.31469727,124187.8927154541,221203666.79296875
279,1910_20140123.jpg,0,0,0,0,0,0,0,0,0
280,1910_20140627.jpg,0.9996907114982605,987254.2581176758,238636.87939453125,911973.7292442322,-112397970.19482422,1062534.7869911194,112875243.95361328,150561.0577468872,225273214.1484375
281,1910_20150427.jpg,0.999822735786438,984822.1873779297,234544.51782226562,922500.0826530457,-110470467.89428711,1047144.2921028137,110939556.92993164,124644.20944976807,221410024.82421875
282,1910_20160705.jpg,0.9996227025985718,969384.9007568359,237125.7822265625,906715.6657333374,-111686243.42871094,1032054.1357803345,112160494.99316406,125338.47004699707,223846738.421875
283,1910_20160928.jpg,0.9991977214813232,975217.674621582,232755.7490234375,918506.4094047546,-109627957.79003906,1031928.9398384094,110093469.28808594,113422.53043365479,219721427.078125
284,1910_20170611.jpg,0.9997152090072632,970400.805847168,232829.35498046875,909189.3291244507,-109662626.19580078,1031612.2825698853,110128284.90576172,122422.95344543457,219790911.1015625
285,1910_20170707.jpg,0.9999058246612549,961926.1657104492,234096.99072265625,898040.9926567078,-110259682.6303711,1025811.3387641907,110727876.6118164,127770.34610748291,220987559.2421875
286,1910_20170808.jpg,0.999320387840271,980998.0454101562,232792.59521484375,922943.5562820435,-109645312.3461914,1039052.534538269,110110897.5366211,116108.97825622559,219756209.8828125
287,19103_20150115.jpg,0.9999544620513916,1923331.965209961,56753.91638183594,1833981.067237854,-26731094.615844727,2012682.8631820679,26844602.4486084,178701.79594421387,53575697.064453125
288,19103_20150123.jpg,0.9999288320541382,1920896.6879882812,54517.20275878906,1833663.1731834412,-25677602.49938965,2008130.2027931213,25786636.904907227,174467.02960968018,51464239.404296875
289,19103_20150628.jpg,0.9999748468399048,1917235.4353027344,50231.76599121094,1831980.7836456299,-23659161.78186035,2002490.0869598389,23759625.313842773,170509.30331420898,47418787.095703125
290,19103_20150710.jpg,0.9998960494995117,1924419.787109375,55120.88684082031,1841657.871685028,-25961937.702026367,2007181.702533722,26072179.475708008,165523.83084869385,52034117.177734375
291,19103_20170117.jpg,0.9999849796295166,1920691.1066894531,55303.05438232422,1836076.9555244446,-26047738.614074707,2005305.2578544617,26158344.722839355,169228.3023300171,52206083.33691406
292,19103_20180520.jpg,0.9999886751174927,1913838.7631835938,56952.821716308594,1818304.834728241,-26824779.028381348,2009372.6916389465,26938684.671813965,191067.85691070557,53763463.70019531
293,19112_20140922.jpg,0.9999637603759766,1155556.173461914,486207.591796875,1069884.8566551208,-229003775.73632812,1241227.4902687073,229976190.91992188,171342.63361358643,458979966.65625
294,19112_20160414.jpg,0.9999573230743408,1158708.3284301758,492974.3271484375,1071103.863746643,-232190908.08691406,1246312.7931137085,233176856.74121094,175208.92936706543,465367764.828125
295,19112_20160826.jpg,0.999600350856781,1153082.1436157227,491064.3173828125,1073626.4546165466,-231291293.4873047,1232537.8326148987,232273422.1220703,158911.37799835205,463564715.609375
296,19112_20161107.jpg,0.999970555305481,1155218.9431762695,491627.4677734375,1066132.6143188477,-231556537.32128906,1244305.2720336914,232539792.25683594,178172.65771484375,464096329.578125
297,19112_20170621.jpg,0.9999626874923706,1155960.0985717773,490945.9140625,1066094.6289596558,-231235525.5234375,1245825.568183899,232217417.3515625,179730.93922424316,463452942.875
298,19112_20170623.jpg,0.6058569550514221,1150846.4927978516,492212.0517578125,1087626.9052314758,-231831876.3779297,1214066.0803642273,232816300.4814453,126439.17513275146,464648176.859375
299,19112_20171112.jpg,0.9997361898422241,1155660.338317871,489560.56640625,1071004.8292617798,-230583026.77734375,1240315.8473739624,231562147.91015625,169311.01811218262,462145174.6875
300,19117_20160311.jpg,0.9999383687973022,524023.0661621094,603236.4541015625,432926.4620857239,-284124369.88183594,615119.6702384949,285330842.79003906,182193.208152771,569455212.671875
301,19117_20170809.jpg,0.9999297857284546,514761.92181396484,604184.544921875,422428.40015411377,-284570920.6582031,607095.4434738159,285779289.7480469,184667.04331970215,570350210.40625
302,19131_20130827.jpg,0.9999562501907349,888608.1240234375,815024.3291015625,815608.8009147644,-383876459.00683594,961607.4471321106,385506507.66503906,145998.6462173462,769382966.671875
303,19131_20140101.jpg,0.99942946434021,883069.8884277344,820127.8291015625,807780.2840652466,-386280207.50683594,958359.4927902222,387920463.16503906,150579.2087249756,774200670.671875
304,19131_20150823.jpg,0.9999814033508301,891827.7983398438,820652.6064453125,817632.9899749756,-386527377.6357422,966022.6067047119,388168682.8486328,148389.61672973633,774696060.484375
305,19131_20160729.jpg,0.9999877214431763,887162.1838989258,818450.650390625,812539.1785011292,-385490256.3339844,961785.1892967224,387127157.6347656,149246.01079559326,772617413.96875
306,19131_20161027.jpg,0.9999262094497681,890454.3247070312,818890.154296875,814162.6374816895,-385697262.6738281,966746.011932373,387335042.9824219,152583.3744506836,773032305.65625
307,19131_20170604.jpg,0.9999313354492188,882859.268371582,818943.5078125,807162.5610466003,-385722392.1796875,958555.9756965637,387360279.1953125,151393.41464996338,773082671.375
308,1913_20120625.jpg,0.9998092651367188,1330918.6704101562,668114.9052734375,1246002.7320365906,-314682120.38378906,1415834.608783722,316018350.19433594,169831.87674713135,630700470.578125
309,1913_20160421.jpg,0,0,0,0,0,0,0,0,0
310,1913_20170507.jpg,0.9999767541885376,1330288.1844482422,668634.4970703125,1244218.1301612854,-314926848.1201172,1416358.238735199,316264117.1142578,172140.10857391357,631190965.234375
311,1913_20170602.jpg,0.9999822378158569,1331659.9174194336,667582.8681640625,1248726.815940857,-314431530.90527344,1414593.0188980103,315766696.64160156,165866.20295715332,630198227.546875
312,19164_20140102.jpg,0.999808669090271,1199083.249572754,333063.412109375,1130727.1985969543,-156872867.10351562,1267439.3005485535,157538993.92773438,136712.10195159912,314411861.03125
313,19164_20160715.jpg,0.9998877048492432,1204176.9751586914,358441.6513671875,1124752.8642807007,-168826017.7939453,1283601.0860366821,169542901.0966797,158848.22175598145,338368918.890625
314,19164_20170720.jpg,0.9989823698997498,1205192.1473388672,358627.95654296875,1131849.7077598572,-168913767.53173828,1278534.5869178772,169631023.44482422,146684.87915802002,338544790.9765625
315,19164_20180118.jpg,0.9997360706329346,1202542.768737793,340533.1923828125,1128962.1619873047,-160391133.6123047,1276123.3754882812,161072199.9970703,147161.21350097656,321463333.609375
316,19171_20140823.jpg,0.9996929168701172,1243089.1908569336,101609.62426757812,1167142.5039100647,-47858133.0300293,1319035.8778038025,48061352.27856445,151893.3738937378,95919485.30859375
317,19171_20180706.jpg,0.9998146295547485,1240572.4689941406,106372.07373046875,1163035.0807151794,-50101246.72705078,1318109.8572731018,50313990.87451172,155074.77655792236,100415237.6015625
318,19178_20160417.jpg,0.9998354911804199,1148068.9465332031,587079.615234375,1093340.1059494019,-276514498.7753906,1202797.7871170044,277688658.0058594,109457.68116760254,554203156.78125
319,19178_20170624.jpg,0.9999582767486572,1140616.9909057617,589092.9326171875,1085281.901927948,-277462771.2626953,1195952.0798835754,278640957.1279297,110670.17795562744,556103728.390625
320,19178_20180704.jpg,0.9998972415924072,1140658.4003295898,585866.54296875,1084899.9469451904,-275943141.73828125,1196416.8537139893,277114874.82421875,111516.90676879883,553058016.5625
321,19179_20160713.jpg,0.9996581673622131,973661.4315185547,504067.9404296875,900323.7329521179,-237415999.9423828,1046999.1300849915,238424135.8232422,146675.39713287354,475840135.765625
322,19179_20160729.jpg,0.99985671043396,971590.0441894531,503785.9619140625,896476.1321334839,-237283188.06152344,1046703.9562454224,238290759.98535156,150227.82411193848,475573948.046875
323,19179_20171013.jpg,0.9997783303260803,965259.8991699219,505324.1103515625,890365.2761230469,-238007655.97558594,1040154.5222167969,239018304.19628906,149789.24609375,477025960.171875
324,19179_20180709.jpg,0.9998221397399902,964435.8333129883,503638.3466796875,886287.5014343262,-237213661.2861328,1042584.1651916504,238220937.9794922,156296.66375732422,475434599.265625
325,19184_20180410.jpg,0.9985456466674805,1520088.0037231445,374526.32470703125,1467158.938545227,-176401898.93701172,1573017.068901062,177150951.58642578,105858.13035583496,353552850.5234375
326,19187_20160408.jpg,0.999755859375,1087622.7310791016,384743.609375,1019383.4132232666,-181214240.015625,1155862.0489349365,181983727.234375,136478.63571166992,363197967.25
327,19187_20170723.jpg,0.9999780654907227,1091340.7843017578,374441.80029296875,1026204.2931251526,-176362087.93798828,1156477.275478363,177110971.53857422,130272.98235321045,353473059.4765625
328,19192_20150627.jpg,0.9999077320098877,1248219.9284057617,332779.04248046875,1183436.2017745972,-156738929.00830078,1313003.6550369263,157404487.09326172,129567.4532623291,314143416.1015625
329,19192_20160810.jpg,0.9997934103012085,1244877.033569336,339765.76025390625,1184442.1896743774,-160029673.07958984,1305311.8774642944,160709204.60009766,120869.68778991699,320738877.6796875
330,19192_20170616.jpg,0.999868631362915,1243376.400024414,344661.31982421875,1186167.8151855469,-162335481.63720703,1300584.9848632812,163024804.27685547,114417.16967773438,325360285.9140625
331,19193_20150627.jpg,0.9995808601379395,1133970.7783813477,368033.01171875,1064884.7317123413,-173343548.51953125,1203056.825050354,174079614.54296875,138172.0933380127,347423163.0625
332,19194_20140915.jpg,0.9999473094940186,1389352.2229614258,447950.125,1313878.973072052,-210984508.875,1464825.4728507996,211880409.125,150946.49977874756,422864918.0
333,19194_20160730.jpg,0.9999432563781738,1389922.6102905273,443317.90478515625,1314011.8760223389,-208802733.1538086,1465833.3445587158,209689368.9633789,151821.46853637695,418492102.1171875
334,19194_20160810.jpg,0.9999179840087891,1378380.5579223633,448855.66552734375,1302584.0373954773,-211411018.4633789,1454177.0784492493,212308729.7944336,151593.04105377197,423719748.2578125
335,19194_20160823.jpg,0.9998588562011719,1382217.342590332,449862.669921875,1312174.287033081,-211885317.53320312,1452260.398147583,212785042.87304688,140086.11111450195,424670360.40625
336,19194_20170805.jpg,0.9989206790924072,1382874.030090332,441590.77197265625,1308341.3501434326,-207989253.5991211,1457406.7100372314,208872435.1430664,149065.35989379883,416861688.7421875
337,19212_20130912.jpg,0.9998642206192017,1197309.4237670898,585529.828125,1117773.5097351074,-275784549.046875,1276845.3377990723,276955608.703125,159071.82806396484,552740157.75
338,19212_20131203.jpg,0.9999504089355469,1198639.4724731445,589508.294921875,1117166.425365448,-277658406.9082031,1280112.519580841,278837423.4980469,162946.09421539307,556495830.40625
339,19212_20140614.jpg,0.9998548030853271,1200743.6575317383,588192.3759765625,1118474.9791908264,-277038609.08496094,1283012.3358726501,278214993.83691406,164537.35668182373,555253602.921875
340,19212_20140621.jpg,0.9998733997344971,1204781.9008789062,578693.6640625,1127228.3026885986,-272564715.7734375,1282335.4990692139,273722103.1015625,155107.19638061523,546286818.875
341,19212_20140720.jpg,0.9999327659606934,1208901.680480957,587520.4443359375,1128501.579486847,-276722129.28222656,1289301.7814750671,277897170.17089844,160800.20198822021,554619299.453125
342,19212_20160513.jpg,0.9998915195465088,1192926.7126464844,585269.283203125,1111386.7130508423,-275661832.3886719,1274466.7122421265,276832370.9550781,163079.99919128418,552494203.34375
343,19212_20160524.jpg,0.9999672174453735,1194679.4672851562,584578.568359375,1115453.7918319702,-275336505.6972656,1273905.1427383423,276505662.8339844,158451.35090637207,551842168.53125
344,19212_20160812.jpg,0.9998781681060791,1197067.5634155273,585639.8193359375,1116591.3886375427,-275836354.90722656,1277543.738193512,277007634.54589844,160952.34955596924,552843989.453125
345,19212_20160826.jpg,0.9999082088470459,1200969.5770874023,585921.9130859375,1121996.0799865723,-275969221.06347656,1279943.0741882324,277141064.88964844,157946.99420166016,553110285.953125
346,19212_20170506.jpg,0.9999150037765503,1194530.6865234375,586959.2529296875,1115993.2194328308,-276457808.1298828,1273068.1536140442,277631726.6357422,157074.93418121338,554089534.765625
347,19212_20170805.jpg,0.9999228715896606,1194726.4651489258,586055.0087890625,1111838.2773208618,-276031909.13964844,1277614.6529769897,277204019.15722656,165776.37565612793,553235928.296875
348,19226_20130615.jpg,0.9985489845275879,1638346.6303710938,492620.615234375,1543859.5209274292,-232024309.77539062,1732833.7398147583,233009551.00585938,188974.2188873291,465033860.78125
349,19226_20160424.jpg,0.9992531538009644,1653841.4504394531,493573.94921875,1566648.0223846436,-232473330.08203125,1741034.8784942627,233460477.98046875,174386.85610961914,465933808.0625
350,19228_20160912.jpg,0.999903678894043,1408944.3772583008,222183.9169921875,1345447.812637329,-104648624.90332031,1472440.9418792725,105092992.73730469,126993.12924194336,209741617.640625
351,1923_20160811.jpg,0.9990538358688354,816407.4954833984,601509.263671875,764004.1101150513,-283310863.1894531,868810.8808517456,284513881.7167969,104806.77073669434,567824744.90625
352,19235_20130708.jpg,0.9992573261260986,1056401.0332641602,373588.0,1001704.3891944885,-175959948.0,1111097.6773338318,176707124.0,109393.28813934326,352667072.0
353,19235_20170725.jpg,0.9999638795852661,1051978.378540039,375488.53173828125,998989.4380378723,-176855098.44873047,1104967.3190422058,177606075.51220703,105977.8810043335,354461173.9609375
354,19235_20180622.jpg,0.9999122619628906,1047649.0782470703,373409.501953125,995344.973575592,-175875875.41992188,1099953.1829185486,176622694.42382812,104608.20934295654,352498569.84375
355,1924_20091204.jpg,0.9999537467956543,962931.168762207,433345.46435546875,880385.7194976807,-204105713.71142578,1045476.6180267334,204972404.64013672,165090.89852905273,409078118.3515625
356,1924_20120129.jpg,0.9935289025306702,968326.2120361328,440592.95751953125,864216.0265960693,-207519282.99169922,1072436.3974761963,208400468.90673828,208220.37088012695,415919751.8984375
357,1924_20160209.jpg,0.9999270439147949,956631.3479003906,434832.8232421875,873246.8424758911,-204806259.7470703,1040015.8533248901,205675925.3935547,166769.01084899902,410482185.140625
358,1924_20160311.jpg,0.999937891960144,964518.2857055664,430721.86572265625,875166.7407112122,-202869998.7553711,1053869.8306999207,203731442.4868164,178703.0899887085,406601441.2421875
359,1924_20160703.jpg,0.9998452663421631,958788.4857177734,436817.36083984375,877161.859577179,-205740976.9555664,1040415.1118583679,206614611.6772461,163253.25228118896,412355588.6328125
360,1924_20170712.jpg,0.9939064383506775,959069.6483764648,438301.86767578125,863990.5937385559,-206440179.67529297,1054148.7030143738,207316783.41064453,190158.10927581787,413756963.0859375
361,19244_20130914.jpg,0.9996544718742371,1049078.3446655273,728131.67578125,975750.3113517761,-342950019.29296875,1122406.3779792786,344406282.64453125,146656.06662750244,687356301.9375
362,19244_20150811.jpg,0.99970942735672,1051731.4794311523,723339.1357421875,984788.4849624634,-340692732.9345703,1118674.4738998413,342139411.2060547,133885.98893737793,682832144.140625
363,19260_20130429.jpg,0.9997339844703674,1311908.1719360352,399787.2265625,1237498.431941986,-188299783.7109375,1386317.9119300842,189099358.1640625,148819.47998809814,377399141.875
364,19260_20160720.jpg,0.9997323155403137,1294183.9307861328,400570.8203125,1225909.6966323853,-188668856.3671875,1362458.1649398804,189469998.0078125,136548.46830749512,378138854.375
365,19260_20160903.jpg,0.9995000958442688,1295807.235168457,400649.72705078125,1225996.855682373,-188706021.44091797,1365617.614654541,189507320.89501953,139620.75897216797,378213342.3359375
366,19261_20161229.jpg,0.997545599937439,1506928.6934814453,342743.70458984375,1439164.375843048,-161432284.8618164,1574693.0111198425,162117772.2709961,135528.63527679443,323550057.1328125
367,19261_20170512.jpg,0.9999617338180542,1506309.6592407227,340163.0595703125,1436244.5362167358,-160216801.0576172,1576374.7822647095,160897127.1767578,140130.24604797363,321113928.234375
368,1926_20100606.jpg,0.9989162087440491,1400742.013244629,758192.2333984375,1302348.3552474976,-357108541.93066406,1499135.6712417603,358624926.39746094,196787.3159942627,715733468.328125
369,19280_20130718.jpg,0,0,0,0,0,0,0,0,0
370,19280_20130805.jpg,0.823097288608551,791005.5623779297,783342.9423828125,724644.2523612976,-368954525.8623047,857366.8723945618,370521211.7470703,132722.62003326416,739475737.609375
371,19280_20130806.jpg,0.9985480308532715,787217.0581665039,777198.126953125,718113.3185882568,-366060317.7949219,856320.797744751,367614714.0488281,138207.47915649414,733675031.84375
372,19280_20130930.jpg,0.9999691247940063,784860.1107177734,777776.2578125,714932.9408531189,-366332617.4296875,854787.280582428,367888169.9453125,139854.33972930908,734220787.375
373,19280_20140623.jpg,0.9998481273651123,801441.1952514648,776495.54296875,729520.6529083252,-365729400.73828125,873361.7375946045,367282391.82421875,143841.0846862793,733011792.5625
374,19280_20150701.jpg,0.999220609664917,769526.6224975586,768772.5927734375,699817.0124320984,-362091891.19628906,839236.2325630188,363629436.38183594,139419.2201309204,725721327.578125
375,19280_20180228.jpg,0.9995294213294983,786593.4432373047,783687.3203125,720665.7812728882,-369116727.8671875,852521.1052017212,370684102.5078125,131855.323928833,739800830.375
376,19284_20160514.jpg,0.9999316930770874,1026537.9676513672,832790.0703125,956334.2788009644,-392244123.1171875,1096741.65650177,393909703.2578125,140407.37770080566,786153826.375
377,19284_20160920.jpg,0.9998414516448975,1023695.1923828125,824084.2861328125,953522.6980209351,-388143698.7685547,1093867.68674469,389791867.3408203,140344.98872375488,777935566.109375
378,1929_20130731.jpg,0.9998040199279785,1286439.9104614258,711779.802734375,1185969.6546020508,-335248287.0878906,1386910.1663208008,336671846.6933594,200940.51171875,671920133.78125
379,19298_20180717.jpg,0.9997793436050415,1046080.3756713867,660405.6103515625,994459.2172966003,-311051042.47558594,1097701.534046173,312371853.69628906,103242.31674957275,623422896.171875
380,19309_20150605.jpg,0.9998388290405273,1448386.1205444336,439986.162109375,1389250.6862754822,-207233482.35351562,1507521.554813385,208113454.67773438,118270.86853790283,415346937.03125
381,19309_20170705.jpg,0.9999579191207886,1439823.1647338867,441254.0283203125,1386731.4851150513,-207830647.3388672,1492914.8443527222,208713155.3955078,106183.3592376709,416543802.734375
382,19319_20130425.jpg,0,0,0,0,0,0,0,0,0
383,19319_20130810.jpg,0,0,0,0,0,0,0,0,0
384,19319_20131119.jpg,0.9994077682495117,1250514.3036499023,464363.4755859375,1175947.434589386,-218715197.00097656,1325081.1727104187,219643923.95214844,149133.73812103271,438359120.953125
385,19319_20140629.jpg,0.9997968673706055,1262805.4818115234,469775.861328125,1193988.636478424,-221264430.68554688,1331622.3271446228,222203982.40820312,137633.69066619873,443468413.09375
386,19319_20140804.jpg,0.9998167753219604,1260505.7013549805,468549.91162109375,1188574.4115715027,-220687008.37353516,1332436.9911384583,221624108.19677734,143862.57956695557,442311116.5703125
387,19319_20150604.jpg,0.9999185800552368,1261310.3450927734,466307.33544921875,1192603.430557251,-219630754.99658203,1330017.259628296,220563369.66748047,137413.82907104492,440194124.6640625
388,19329_20150323.jpg,0.9985688328742981,370264.69931030273,603092.23828125,281371.956073761,-284056444.23046875,459157.4425468445,285262628.70703125,177785.4864730835,569319072.9375
389,19329_20170805.jpg,0,0,0,0,0,0,0,0,0
390,19339_20140629.jpg,0.9997972249984741,523083.0172729492,55245.97375488281,465347.4184989929,-26020853.638549805,580818.6160469055,26131345.58605957,115471.1975479126,52152199.224609375
391,19339_20141207.jpg,0.9997769594192505,515982.53787231445,55022.11297607422,445768.8860244751,-25915415.211730957,586196.1897201538,26025459.437683105,140427.3036956787,51940874.64941406
392,19339_20150407.jpg,0.9999032020568848,522959.0180358887,51272.62048339844,466164.1609802246,-24149404.247680664,579753.8750915527,24251949.48864746,113589.71411132812,48401353.736328125
393,19339_20150501.jpg,0.9999668598175049,524745.2575073242,54030.49237060547,454055.2999458313,-25448361.906555176,595435.2150688171,25556422.891296387,141379.91512298584,51004784.79785156
394,19339_20170801.jpg,0.9999303817749023,512737.99041748047,50664.654724121094,436748.3881454468,-23863052.375061035,588727.5926895142,23964381.684509277,151979.20454406738,47827434.05957031
395,19339_20171114.jpg,0.9993755221366882,525370.4756774902,53485.59942626953,453583.8497619629,-25191717.32977295,597157.1015930176,25298688.52862549,143573.2518310547,50490405.85839844
396,19355_20150324.jpg,0.9998939037322998,829024.9102783203,483383.7158203125,755128.2990074158,-227673730.1513672,902921.5215492249,228640497.5830078,147793.22254180908,456314227.734375
397,19355_20150521.jpg,0.9998737573623657,828803.3881835938,482750.7333984375,753429.7797203064,-227375595.43066406,904176.9966468811,228341096.89746094,150747.2169265747,455716692.328125
398,19355_20160610.jpg,0.9998089075088501,831466.4172363281,482791.95849609375,749770.4165687561,-227395012.45166016,913162.4179039001,228360596.36865234,163392.00133514404,455755608.8203125
399,19384_20131020.jpg,0.999890923500061,1073237.3537597656,600842.056640625,993483.2500839233,-282996608.6777344,1152991.457435608,284198292.7910156,159508.20735168457,567194901.46875
400,19384_20131128.jpg,0.9995613694190979,1072556.2053833008,595993.2822265625,993538.2527008057,-280712835.92871094,1151574.158065796,281904822.49316406,158035.90536499023,562617658.421875
401,19384_20170803.jpg,0.9999587535858154,1070435.621459961,596784.8271484375,993136.8240661621,-281085653.58691406,1147734.4188537598,282279223.24121094,154597.59478759766,563364876.828125
402,1939_20141201.jpg,0.9993888139724731,256636.14096069336,286748.3544921875,198077.92497253418,-135058474.9658203,315194.35694885254,135631971.6748047,117116.43197631836,270690446.640625
403,19403_20160705.jpg,0.9997532963752747,1014232.2229003906,449441.833984375,947017.0553741455,-211687103.80664062,1081447.3904266357,212585987.47460938,134430.33505249023,424273091.28125
404,19418_20170801.jpg,0.9948615431785583,1390544.759399414,359861.396484375,1341878.889453888,-169494717.74414062,1439210.6293449402,170214440.53710938,97331.73989105225,339709158.28125
405,19438_20180709.jpg,0.999998927116394,801946.5368041992,633287.9658203125,752529.5370140076,-298278631.9013672,851363.5365943909,299545207.8330078,98833.9995803833,597823839.734375
406,19463_20121017.jpg,0.9999470710754395,1153583.4541625977,330250.85791015625,1099472.840473175,-155548154.0756836,1207694.0678520203,156208655.7915039,108221.22737884521,311756809.8671875
407,19463_20170610.jpg,0.9998120069503784,1150391.9052734375,331485.9111328125,1102792.7144870758,-156129864.1435547,1197991.0960597992,156792835.9658203,95198.38157272339,312922700.109375
408,19469_20170611.jpg,0.9973593354225159,1525538.6565551758,288186.4794921875,1453316.3728103638,-135735831.8408203,1597760.9402999878,136312204.7998047,144444.56748962402,272048036.640625
409,19521_20131102.jpg,0.9998182058334351,1402388.9539794922,729853.27734375,1343213.62191391,-343760893.62890625,1461564.2860450745,345220600.18359375,118350.66413116455,688981493.8125
410,19521_20140512.jpg,0.9999363422393799,1401408.8698730469,727241.4326171875,1343703.1257362366,-342530714.7626953,1459114.6140098572,343985197.6279297,115411.4882736206,686515912.390625
411,19521_20151006.jpg,0.9999169111251831,1401774.133972168,724525.7041015625,1342536.355670929,-341251606.63183594,1461011.912273407,342700658.04003906,118475.55660247803,683952264.671875
412,19521_20170615.jpg,0.9999425411224365,1396023.995727539,722122.548828125,1337514.2949562073,-340119720.4980469,1454533.6964988708,341563965.5957031,117019.40154266357,681683686.09375
413,19521_20170728.jpg,0.9999809265136719,1402017.9182128906,724387.9990234375,1341959.3778762817,-341186747.54003906,1462076.4585494995,342635523.53808594,120117.08067321777,683822271.078125
414,19526_20130725.jpg,0.9984840750694275,1426359.1470947266,517545.119140625,1379512.9499206543,-243763751.11523438,1473205.3442687988,244798841.35351562,93692.39434814453,488562592.46875
415,19526_20131222.jpg,0.9999653100967407,1426197.9068603516,516096.7958984375,1382634.019191742,-243081590.86816406,1469761.7945289612,244113784.45996094,87127.77533721924,487195375.328125
416,19526_20160719.jpg,0.9999911785125732,1425397.0192871094,512190.5810546875,1376858.8875656128,-241241763.6767578,1473935.151008606,242266144.8388672,97076.26344299316,483507908.515625
417,19526_20160911.jpg,0.9999959468841553,1438457.1118164062,509823.3212890625,1389151.5716285706,-240126784.32714844,1487762.652004242,241146430.96972656,98611.08037567139,481273215.296875
418,19526_20170708.jpg,0.9999895095825195,1422309.2687988281,518364.0322265625,1374220.181968689,-244149459.17871094,1470398.3556289673,245186187.24316406,96178.17366027832,489335646.421875
419,19526_20170805.jpg,0.999992847442627,1434534.6682739258,509193.6806640625,1385785.235118866,-239830223.59277344,1483284.1014289856,240848610.95410156,97498.86631011963,480678834.546875
420,19527_20170926.jpg,0.994870126247406,836005.4214477539,825068.67578125,760012.2691421509,-388607346.29296875,911998.5737533569,390257483.64453125,151986.30461120605,778864829.9375
421,19528_20151014.jpg,0.9998492002487183,1436943.7439575195,103410.08215332031,1369487.8268966675,-48706148.69421387,1504399.6610183716,48912968.85852051,134911.8341217041,97619117.55273438
422,19528_20170623.jpg,0.9999513626098633,1444972.4998779297,104295.53588867188,1378151.7296295166,-49123197.40356445,1511793.2701263428,49331788.4753418,133641.54049682617,98454985.87890625
423,19532_20150627.jpg,0.9999818801879883,981214.6203613281,464362.150390625,929008.5596008301,-218714572.83398438,1033420.6811218262,219643297.13476562,104412.1215209961,438357869.96875
424,19532_20160719.jpg,0.9999922513961792,979470.1109619141,467686.86376953125,927754.6419372559,-220280512.83544922,1031185.5799865723,221215886.56298828,103430.9380493164,441496399.3984375
425,19532_20160810.jpg,0.9999971389770508,978403.4518432617,467372.3603515625,925974.3459091187,-220132381.72558594,1030832.5577774048,221067126.44628906,104858.21186828613,441199508.171875
426,19532_20170914.jpg,0.9999713897705078,977996.5950927734,475497.7666015625,928396.2360687256,-223959448.06933594,1027596.9541168213,224910443.60253906,99200.7180480957,448869891.671875
427,19534_20130725.jpg,0.9998155832290649,1220351.0197143555,402726.279296875,1137346.579738617,-189684077.54882812,1303355.459690094,190489530.10742188,166008.87995147705,380173607.65625
428,19534_20170616.jpg,0.9998536109924316,1207262.2520751953,407390.93798828125,1123136.7802085876,-191881131.79248047,1291387.723941803,192695913.66845703,168250.94373321533,384577045.4609375
429,1955_20131113.jpg,0.999823808670044,1911195.7059326172,574937.71484375,1835116.9176559448,-270795663.69140625,1987274.4942092896,271945539.12109375,152157.57655334473,542741202.8125
430,1964_20160317.jpg,0.9996954798698425,268031.2219390869,517063.8427734375,188741.416847229,-243537069.94628906,347321.0270309448,244571197.63183594,158579.61018371582,488108267.578125
431,1964_20180612.jpg,0.99525386095047,265168.70390319824,522012.0068359375,169760.20042419434,-245867655.21972656,360577.20738220215,246911679.23339844,190817.0069580078,492779334.453125
432,1978_20160314.jpg,0.9992451667785645,900675.2149047852,659032.880859375,826059.1893310547,-310404486.8847656,975291.2404785156,311722552.6464844,149232.05114746094,622127039.53125
433,1980_20111204.jpg,0.9987733364105225,1035551.9380493164,361252.736328125,975553.6509437561,-170150038.81054688,1095550.2251548767,170872544.28320312,119996.5742111206,341022583.09375
434,1980_20131028.jpg,0.9996256828308105,1029303.0544433594,367336.765625,966565.114818573,-173015616.609375,1092040.9940681458,173750290.140625,125475.87924957275,346765906.75
435,1980_20131216.jpg,0.9994040131568909,1027691.6598510742,359959.89306640625,969397.4174880981,-169541109.63427734,1085985.9022140503,170261029.42041016,116588.48472595215,339802139.0546875
436,1980_20140120.jpg,0.9999421834945679,1031144.2163696289,372117.46533203125,970201.2653312683,-175267326.17138672,1092087.1674079895,176011561.10205078,121885.90207672119,351278887.2734375
437,1980_20140412.jpg,0.9991123080253601,1042355.176574707,359841.6337890625,981459.6127586365,-169485409.51464844,1103250.7403907776,170205092.78222656,121791.12763214111,339690502.296875
438,1980_20150207.jpg,0.9990556240081787,1031184.1599731445,360990.1171875,972050.0254745483,-170026345.1953125,1090318.2944717407,170748325.4296875,118268.26899719238,340774670.625
439,1980_20160313.jpg,0.9988549947738647,1034025.0113525391,361476.17578125,971880.6945991516,-170255278.79296875,1096169.3281059265,170978231.14453125,124288.6335067749,341233509.9375
440,1980_20170506.jpg,0.9994379281997681,1031056.633605957,368874.68359375,969147.3405265808,-173739975.97265625,1092965.9266853333,174477725.33984375,123818.58615875244,348217701.3125
441,1980_20170919.jpg,0.9987760186195374,1032290.1213989258,368010.5986328125,968027.9691352844,-173332991.9560547,1096552.2736625671,174069013.1533203,128524.30452728271,347402005.109375
442,1990_20160706.jpg,0,0,0,0,0,0,0,0,0
443,1990_20170724.jpg,0,0,0,0,0,0,0,0,0
444,1991_20120522.jpg,0.9997498989105225,1048894.109375,411744.521484375,953853.9218788147,-193931669.61914062,1143934.2968711853,194755158.66210938,190080.3749923706,388686828.28125
445,1991_20150521.jpg,0.9989128112792969,1044110.5880126953,415103.57470703125,942058.7463912964,-195513783.68701172,1146162.4296340942,196343990.83642578,204103.68324279785,391857774.5234375
446,1991_20170404.jpg,0.9994328618049622,1045349.3894042969,422885.64013671875,934780.9943466187,-199179136.50439453,1155917.784461975,200024907.78466797,221136.79011535645,399204044.2890625
447,1994_20110926.jpg,0.9997891187667847,1200007.8157348633,541315.0322265625,1117747.0791625977,-254959380.17871094,1282268.552307129,256042010.24316406,164521.47314453125,511001390.421875
448,1994_20180426.jpg,0.9998948574066162,1176631.9211425781,536306.3701171875,1102494.795097351,-252600300.3251953,1250769.0471878052,253672913.0654297,148274.2520904541,506273213.390625
449,2000_20110912.jpg,0.999741792678833,1087491.3569335938,478406.33984375,1006838.5679855347,-225329386.06640625,1168144.1458816528,226286198.74609375,161305.57789611816,451615584.8125
450,2000_20130510.jpg,0.999512255191803,1087632.7169799805,468350.7578125,1009461.8194847107,-220593206.9296875,1165803.6144752502,221529908.4453125,156341.79499053955,442123115.375
451,2007_20130115.jpg,0.9996434450149536,634347.9403686523,402585.49169921875,551235.0182380676,-189617766.59033203,717460.8624992371,190422937.57373047,166225.84426116943,380040704.1640625
452,2010_20120228.jpg,0.9998602867126465,1101305.797241211,372232.037109375,1048927.8747749329,-175321289.47851562,1153683.719707489,176065753.55273438,104755.84493255615,351387043.03125
453,2011_20171004.jpg,0.9983435273170471,1237697.2624511719,682232.44140625,1129007.109992981,-321331479.90234375,1346387.4149093628,322695944.78515625,217380.30491638184,644027424.6875
454,2018_20120228.jpg,0.9985311031341553,807377.4926757812,299236.9951171875,751064.2091255188,-140940624.7001953,863690.7762260437,141539098.6904297,112626.5671005249,282479723.390625
455,2018_20170717.jpg,0.999921441078186,813991.3655395508,289491.796875,753579.780090332,-136350636.328125,874402.9509887695,136929619.921875,120823.1708984375,273280256.25
456,2018_20180717.jpg,0.9999841451644897,807522.7921142578,294535.029296875,749840.7358627319,-138725998.79882812,865204.8483657837,139315068.85742188,115364.11250305176,278041067.65625
457,2020_20130812.jpg,0.9994456171989441,1003991.6357421875,523525.7255859375,921901.4782829285,-246580616.75097656,1086081.7932014465,247627668.20214844,164180.31491851807,494208284.953125
458,2020_20160407.jpg,0.9997610449790955,1010273.0422363281,524054.939453125,923175.9918670654,-246829876.48242188,1097370.0926055908,247877986.36132812,174194.1007385254,494707862.84375
459,2020_20170827.jpg,0.9996823668479919,1004053.6582641602,523702.66796875,915712.8135528564,-246663956.61328125,1092394.5029754639,247711361.94921875,176681.68942260742,494375318.5625
460,2024_20100531.jpg,0.9988881945610046,1227662.5314331055,478347.48388671875,1146394.5502967834,-225301664.91064453,1308930.5125694275,226258359.87841797,162535.96227264404,451560024.7890625
461,2029_20160311.jpg,0.9804326295852661,730129.9989929199,53644.57244873047,680215.742565155,-25266593.62335205,780044.2554206848,25373882.76824951,99828.51285552979,50640476.39160156
462,2037_20150917.jpg,0.9998894929885864,1967667.532836914,182362.662109375,1878989.8185691833,-85892813.85351562,2056345.2471046448,86257539.17773438,177355.42853546143,172150353.03125
463,2054_20120818.jpg,0.978035032749176,1160664.9237060547,385345.79541015625,1079789.3472480774,-181497869.6381836,1241540.500164032,182268561.2290039,161751.1529159546,363766430.8671875
464,2054_20160813.jpg,0.9940571188926697,1154652.1287841797,385372.0400390625,1071713.3529777527,-181510230.85839844,1237590.9045906067,182280974.93847656,165877.551612854,363791205.796875
465,2056_20140509.jpg,0.9995874166488647,167065.942527771,468944.330078125,82914.02291107178,-220872779.46679688,251217.86214447021,221810668.12695312,168303.83923339844,442683447.59375
466,2065_20161028.jpg,0.9986150860786438,944809.5070800781,428084.064453125,841506.4618530273,-201627594.35742188,1048112.5523071289,202483762.48632812,206606.09045410156,404111356.84375
467,2066_20130801.jpg,0.9990742802619934,1047021.5239257812,367222.82763671875,945349.100730896,-172961951.81689453,1148693.9471206665,173696397.47216797,203344.8463897705,346658349.2890625
468,2069_20160605.jpg,0.9992857575416565,370738.91508483887,767776.333984375,295636.04248809814,-361622653.3066406,445841.7876815796,363158205.9746094,150205.74519348145,724780859.28125
469,2075_20130427.jpg,0.9996961355209351,1460100.681640625,399099.36376953125,1365810.70785141,-187975800.33544922,1554390.65542984,188773999.06298828,188579.94757843018,376749799.3984375
470,2080_20120724.jpg,0.9987398386001587,1046810.8122558594,231952.13330078125,981745.3675575256,-109249454.78466797,1111876.256954193,109713359.05126953,130130.88939666748,218962813.8359375
471,2080_20120727.jpg,0.9969697594642639,1044725.4996337891,231301.36157226562,980210.1841697693,-108942941.30053711,1109240.8150978088,109405544.02368164,129030.63092803955,218348485.32421875
472,2080_20160514.jpg,0.9998444318771362,1043956.5852661133,232977.54638671875,980681.8347587585,-109732424.34814453,1107231.335773468,110198379.44091797,126549.50101470947,219930803.7890625
473,2080_20170315.jpg,0.9994598627090454,1044651.2924804688,232407.23706054688,982807.2455825806,-109463808.65551758,1106495.339378357,109928623.12963867,123688.09379577637,219392431.78515625
474,2080_20180529.jpg,0.9995761513710022,1044583.9563598633,224170.37036132812,977618.0126419067,-105584244.44018555,1111549.9000778198,106032585.1809082,133931.8874359131,211616829.62109375
475,2080_20180716.jpg,0.9995892643928528,1044477.9592285156,224142.57006835938,977623.4464836121,-105571150.50219727,1111332.4719734192,106019435.64233398,133709.02548980713,211590586.14453125
476,2099_20170609.jpg,0.9996907711029053,1162821.3286132812,672589.859375,1086955.5652542114,-316789823.765625,1238687.091972351,318135003.484375,151731.52671813965,634924827.25
477,2099_20170718.jpg,0.9996424317359924,1159490.9848632812,669346.01171875,1080348.0595474243,-315261971.51953125,1238633.9101791382,316600663.54296875,158285.85063171387,631862635.0625
478,2105_20130616.jpg,0.9999748468399048,1156829.6048583984,315486.1943359375,1064760.0969047546,-148593997.53222656,1248899.1128120422,149224969.92089844,184139.0159072876,297818967.453125
479,2105_20140127.jpg,0.9998620748519897,1151979.205444336,316021.94775390625,1059899.1962623596,-148846337.39208984,1244059.2146263123,149478381.28759766,184160.01836395264,298324718.6796875
480,2105_20170606.jpg,0.9999755620956421,1152093.9974975586,318497.87353515625,1070061.3391304016,-150012498.4350586,1234126.6558647156,150649494.1821289,164065.31673431396,300661992.6171875
481,2108_20140820.jpg,0.9986344575881958,799181.5416259766,368091.92529296875,745492.3512763977,-173371296.81298828,852870.7319755554,174107480.66357422,107378.38069915771,347478777.4765625
482,2112_20130418.jpg,0.9980679154396057,959638.753112793,520713.142578125,857339.5085067749,-245255890.15429688,1061937.997718811,246297316.43945312,204598.48921203613,491553206.59375
483,2112_20140225.jpg,0.9994310736656189,935736.9038696289,524015.2412109375,838723.9684448242,-246811178.61035156,1032749.8392944336,247859209.09277344,194025.87084960938,494670387.703125
484,2112_20161107.jpg,0.9948285222053528,940003.0822753906,523311.677734375,838879.2652359009,-246479800.21289062,1041126.8993148804,247526423.56835938,202247.6340789795,494006223.78125
485,2112_20170926.jpg,0.991299569606781,940155.1611328125,523579.13671875,833627.6547698975,-246605773.39453125,1046682.6674957275,247652931.66796875,213055.01272583008,494258705.0625
486,2112_20180630.jpg,0.9994974136352539,931735.4892578125,520236.5908203125,832779.9411087036,-245031434.2763672,1030691.0374069214,246071907.4580078,197911.09629821777,491103341.734375
487,2114_20140527.jpg,0.9991530776023865,1893668.8924560547,788111.1103515625,1809701.402809143,-371200332.97558594,1977636.3821029663,372776555.19628906,167934.97929382324,743976888.171875
